<?xml version="1.0"?>
<root>
   <!-- the Default element defines general default values valid only if not otherwise defined by the effect -->
   <Default>
      <delay>1</delay>
      <steps>12</steps>
      <duration>3</duration>
      <waitFrames>1</waitFrames>
      <framesBefore>0</framesBefore>
      <stop>true</stop>
      <startComplete>false</startComplete>
      <withAlpha>true</withAlpha>
      <lineType>true</lineType>
      <comeAndGo>false</comeAndGo>
   </Default>
   <Effects>
      <Appear>
         <steps>8</steps>
      </Appear>
      <Arrow>
         <useArrow>true</useArrow>
         <Arrow id="flashy">
            <useArrow>false</useArrow>
            <inSequence>random</inSequence>
            <flash>true</flash>
            <stop>true</stop>
         </Arrow>
      </Arrow>
      <Blink>
         <waitFrames>0</waitFrames>
         <stop>false</stop>
      </Blink>
      <Bullet>
         <Bullet id="heartbeat">
            <delay>0</delay>
            <startComplete>true</startComplete>
            <stop>false</stop>
            <waitFrames>0</waitFrames>
         </Bullet>
         <Bullet id="ripple">
            <inSequence>middleToEdge</inSequence>
            <startComplete>true</startComplete>
         </Bullet>
         <Bullet id="heartwait">
            <delay>0</delay>
            <startComplete>true</startComplete>
            <stop>false</stop>
            <waitFrames>0</waitFrames>
            <framesBefore>1</framesBefore>
         </Bullet>
      </Bullet>
      <Frequency id="alpha">
         <withAlpha>true</withAlpha>
         <alpha>40</alpha>
      </Frequency>
      <Kling>
         <delay>5</delay>
         <waitFrames>0</waitFrames>
         <steps>8</steps>
      </Kling>
      <Present>
         <alpha>75</alpha>
      </Present>
      <Rotate>
         <withAlpha>true</withAlpha>
      </Rotate>
      <Slide id="falling">
         <orientation>vertical</orientation>
         <comeAndGo>true</comeAndGo>
         <waitFrames>2</waitFrames>
         <outSequence>middleToEdge</outSequence>
      </Slide>
      <Twister id="flow">
         <centered>false</centered>
      </Twister>
      <Wave id="random">
         <size>0.6</size>
         <inSequence>random</inSequence>
         <reposition>true</reposition>
      </Wave>
      <Woosh>
         <steps>6</steps>
         <delay>3</delay>
         <size>8</size>
      </Woosh>
      <Zipper>
         <steps>10</steps>
         <angle>90</angle>
         <size>5</size>
         <reverseDistance>true</reverseDistance>
         <Zipper id="wind">
            <xDistance>120</xDistance>
         </Zipper>
         <Zipper id="alternate">
            <inSequence>alternated</inSequence>
         </Zipper>
         <Zipper id="stormin">
            <yDistance>120</yDistance>
            <size>4.5</size>
            <angle>180</angle>
            <steps>15</steps>
            <inSequence>rightToLeft</inSequence>
         </Zipper>
      </Zipper>
   </Effects>
   <Chains>
      <Chain id="default">
         <stop>true</stop>
         <waitFrames>4</waitFrames>
         <effect>
            <effectName>Appear</effectName>
            <effectID>grow</effectID>
         </effect>
         <effect>
            <effectName>Arrow</effectName>
            <effectID>flashy</effectID>
         </effect>
         <effect>
            <effectName>Zipper</effectName>
            <effectID>alternate</effectID>
         </effect>
         <effect>
            <effectName>Wave</effectName>
            <effectID>random</effectID>
            <useWait>false</useWait>
         </effect>
         <effect>
            <effectName>Bullet</effectName>
            <effectID>ripple</effectID>
         </effect>
         <effect>
            <effectName>Arrow</effectName>
         </effect>
         <effect>
            <effectName>Flatten</effectName>
         </effect>
         <effect>
            <effectName>Twister</effectName>
            <effectID>flow</effectID>
         </effect>
         <effect>
            <effectName>Slide</effectName>
            <effectID>falling</effectID>
         </effect>
         <effect>
            <effectName>Rollin</effectName>
         </effect>
         <effect>
            <effectName>Whirl</effectName>
         </effect>
         <effect>
            <effectName>Frequency</effectName>
            <effectID>alpha</effectID>
         </effect>
         <effect>
            <effectName>Kerning</effectName>
         </effect>
         <effect>
            <effectName>Twister</effectName>
         </effect>
         <effect>
            <effectName>Zipper</effectName>
            <effectID>wind</effectID>
         </effect>
         <effect>
            <effectName>Rotate</effectName>
         </effect>
         <effect>
            <effectName>Present</effectName>
         </effect>
         <effect>
            <effectName>Kling</effectName>
         </effect>
         <effect>
            <effectName>Slide</effectName>
         </effect>
         <effect>
            <effectName>Woosh</effectName>
         </effect>
      </Chain>
   </Chains>
</root>
