<root>
   <Default>
      <delay>1</delay>
      <steps>12</steps>
      <duration>3</duration>
      <waitFrames>12</waitFrames>
      <framesBefore>0</framesBefore>
      <stop>false</stop>
      <startComplete>false</startComplete>
      <withAlpha>true</withAlpha>
      <lineType>true</lineType>
      <comeAndGo>false</comeAndGo>
      <inSequence>leftToRight</inSequence>
      <showFrameCount>false</showFrameCount>
   </Default>
   <Effects>
      <Appear>
         <waitFrames>1</waitFrames>
         <steps>8</steps>
         <Appear id="disappear">
            <duration>2</duration>
            <size>4</size>
            <startComplete>true</startComplete>
         </Appear>
         <Appear id="mystery">
            <delay>5</delay>
            <size>5</size>
            <inSequence>random</inSequence>
            <waitFrames>8</waitFrames>
         </Appear>
         <Appear id="blur">
            <delay>0</delay>
            <size>1.25</size>
            <startComplete>true</startComplete>
         </Appear>
         <Appear id="byebye">
            <size>-0.5</size>
            <startComplete>true</startComplete>
            <inSequence>middleToEdge</inSequence>
         </Appear>
      </Appear>
      <Arrow>
         <waitFrames>1</waitFrames>
         <useArrow>true</useArrow>
         <Arrow id="reverse">
            <inSequence>rightToLeft</inSequence>
            <comeAndGo>true</comeAndGo>
         </Arrow>
         <Arrow id="grow">
            <useArrow>false</useArrow>
            <inSequence>middleToEdge</inSequence>
         </Arrow>
         <Arrow id="flashy">
            <useArrow>false</useArrow>
            <inSequence>random</inSequence>
            <flash>true</flash>
         </Arrow>
      </Arrow>
      <Blink>
         <waitFrames>0</waitFrames>
      </Blink>
      <Bullet>
         <waitFrames>1</waitFrames>
         <withAlpha>false</withAlpha>
         <Bullet id="heartbeat">
            <delay>0</delay>
            <waitFrames>0</waitFrames>
         </Bullet>
         <Bullet id="ripple">
            <inSequence>middleToEdge</inSequence>
         </Bullet>
      </Bullet>
      <Fade>
         <steps>8</steps>
         <outSequence>leftToRight</outSequence>
         <comeAndGo>true</comeAndGo>
         <Fade id="alltext">
            <steps>12</steps>
            <delay>0</delay>
         </Fade>
         <Fade id="onoff">
            <inSequence>edgeToMiddle</inSequence>
            <outSequence>middleToEdge</outSequence>
         </Fade>
      </Fade>
      <Flatten>
         <steps>8</steps>
         <comeAndGo>true</comeAndGo>
         <outSequence>leftToRight</outSequence>
         <Flatten id="vertical">
            <inSequence>middleToEdge</inSequence>
            <outSequence>edgeToMiddle</outSequence>
            <orientation>vertical</orientation>
         </Flatten>
      </Flatten>
      <Frequency>
         <waitFrames>6</waitFrames>
         <withAlpha>false</withAlpha>
         <Frequency id="alpha">
            <withAlpha>true</withAlpha>
            <alpha>40</alpha>
         </Frequency>
      </Frequency>
      <Kerning>
         <waitFrames>6</waitFrames>
         <Kerning id="bye">
            <waitFrames>0</waitFrames>
            <startComplete>true</startComplete>
         </Kerning>
         <Kerning id="inout">
            <waitFrames>0</waitFrames>
            <comeAndGo>true</comeAndGo>
         </Kerning>
      </Kerning>
      <Kling>
         <delay>5</delay>
         <waitFrames>0</waitFrames>
         <steps>8</steps>
         <Kling id="quick">
            <steps>6</steps>
            <alpha>30</alpha>
            <angle>270</angle>
            <delay>1</delay>
         </Kling>
      </Kling>
      <Present>
         <alpha>75</alpha>
         <Present id="vertical">
            <orientation>vertical</orientation>
         </Present>
      </Present>
      <Rollin>
         <Rollin id="quicky">
            <slideFrames>5</slideFrames>
            <rotationFrames>8</rotationFrames>
            <alpha>75</alpha>
            <offset>400</offset>
            <inSequence>edgeToMiddle</inSequence>
         </Rollin>
      </Rollin>
      <Rotate>
         <Rotate id="alltext">
            <comeAndGo>true</comeAndGo>
            <delay>0</delay>
         </Rotate>
      </Rotate>
      <Slide>
         <withAlpha>false</withAlpha>
         <comeAndGo>true</comeAndGo>
         <Slide id="falling">
            <orientation>vertical</orientation>
            <waitFrames>2</waitFrames>
            <outSequence>middleToEdge</outSequence>
         </Slide>
      </Slide>
      <Twister>
         <Twister id="out">
            <startComplete>true</startComplete>
         </Twister>
         <Twister id="flow">
            <centered>false</centered>
         </Twister>
      </Twister>
      <Type>
         <waitFrames>6</waitFrames>
         <duration>2</duration>
      </Type>
      <Wave>
         <withAlpha>false</withAlpha>
         <steps>6</steps>
         <Wave id="random">
            <size>0.6</size>
            <inSequence>random</inSequence>
            <reposition>true</reposition>
            <steps>8</steps>
         </Wave>
         <Wave id="pulse">
            <size>0.25</size>
            <startComplete>true</startComplete>
            <delay>0</delay>
            <waitFrames>1</waitFrames>
            <reposition>true</reposition>
            <comeAndGo>true</comeAndGo>
         </Wave>
      </Wave>
      <Wave2>
         <waitFrames>0</waitFrames>
         <maxPosition>20</maxPosition>
         <alpha>25</alpha>
         <Wave2 id="updown">
            <inverted>true</inverted>
            <startComplete>true</startComplete>
         </Wave2>
      </Wave2>
      <Whirl>
         <withAlpha>false</withAlpha>
         <waitFrames>6</waitFrames>
         <Whirl id="confusion">
            <inSequence>random</inSequence>
            <inverted>true</inverted>
         </Whirl>
      </Whirl>
      <Woosh>
         <steps>6</steps>
         <delay>3</delay>
         <size>8.0</size>
         <Woosh id="alternate">
            <orientation>vertical</orientation>
            <inSequence>random</inSequence>
            <delay>1</delay>
            <size>6.0</size>
         </Woosh>
         <Woosh id="frequency">
            <orientation>vertical</orientation>
            <inSequence>middleToEdge</inSequence>
            <delay>1</delay>
            <centered>true</centered>
            <waitFrames>0</waitFrames>
            <steps>10</steps>
         </Woosh>
      </Woosh>
      <Zipper>
         <steps>10</steps>
         <angle>90</angle>
         <size>5</size>
         <reverseDistance>true</reverseDistance>
         <Zipper id="wind">
            <comeAndGo>true</comeAndGo>
            <xDistance>120</xDistance>
         </Zipper>
         <Zipper id="centered">
            <steps>8</steps>
            <xDistance>0.0</xDistance>
            <yDistance>0.0</yDistance>
            <inSequence>middleToEdge</inSequence>
            <outSequence>middleToEdge</outSequence>
            <comeAndGo>true</comeAndGo>
         </Zipper>
         <Zipper id="alternate">
            <inSequence>alternated</inSequence>
            <comeAndGo>true</comeAndGo>
         </Zipper>
         <Zipper id="stormin">
            <yDistance>120</yDistance>
            <inSequence>rightToLeft</inSequence>
            <waitFrames>24</waitFrames>
            <angle>180</angle>
            <steps>15</steps>
         </Zipper>
         <Zipper id="zip">
            <steps>8</steps>
            <comeAndGo>true</comeAndGo>
            <inSequence>edgeToMiddle</inSequence>
            <outSequence>random</outSequence>
         </Zipper>
         <Zipper id="explode">
            <size>10</size>
            <xDistance>200</xDistance>
            <yDistance>200</yDistance>
            <inSequence>leftToRight</inSequence>
            <outSequence>leftToRight</outSequence>
            <steps>8</steps>
            <comeAndGo>true</comeAndGo>
         </Zipper>
      </Zipper>
   </Effects>
   <Chains>
      <Chain id="default">
         <stop>false</stop>
         <waitFrames>4</waitFrames>
         <effect>
            <effectName>Appear</effectName>
            <effectID>grow</effectID>
         </effect>
         <effect>
            <effectName>Arrow</effectName>
            <effectID>flashy</effectID>
         </effect>
         <effect>
            <effectName>Zipper</effectName>
            <effectID>alternate</effectID>
         </effect>
         <effect>
            <effectName>Wave</effectName>
            <effectID>random</effectID>
            <useWait>false</useWait>
         </effect>
         <effect>
            <effectName>Bullet</effectName>
            <effectID>ripple</effectID>
         </effect>
         <effect>
            <effectName>Arrow</effectName>
         </effect>
         <effect>
            <effectName>Flatten</effectName>
         </effect>
         <effect>
            <effectName>Twister</effectName>
            <effectID>flow</effectID>
         </effect>
         <effect>
            <effectName>Slide</effectName>
            <effectID>falling</effectID>
         </effect>
         <effect>
            <effectName>Rollin</effectName>
         </effect>
         <effect>
            <effectName>Whirl</effectName>
         </effect>
         <effect>
            <effectName>Frequency</effectName>
            <effectID>alpha</effectID>
         </effect>
         <effect>
            <effectName>Kerning</effectName>
         </effect>
         <effect>
            <effectName>Twister</effectName>
         </effect>
         <effect>
            <effectName>Zipper</effectName>
            <effectID>wind</effectID>
         </effect>
         <effect>
            <effectName>Rotate</effectName>
         </effect>
         <effect>
            <effectName>Present</effectName>
         </effect>
         <effect>
            <effectName>Kling</effectName>
         </effect>
         <effect>
            <effectName>Slide</effectName>
         </effect>
         <effect>
            <effectName>Woosh</effectName>
         </effect>
         <effect>
            <effectName>Zipper</effectName>
            <effectID>stormin</effectID>
            <useWait>false</useWait>
         </effect>
         <effect>
            <effectName>Bullet</effectName>
            <effectID>heartbeat</effectID>
         </effect>
      </Chain>
   </Chains>
</root>
