<root>
   <item>
      <file>jzox.gif</file>
      <site>http://www.jzox.com/</site>
      <text>Jgenerator can be used on
practically every platform</text>
      <jzox>empty.gif</jzox>
      <url/>
   </item>
   <item>
      <file>linux.gif</file>
      <site>http://www.linux.org/</site>
      <text>Numerous linux flavors</text>
      <jzox>empty.gif</jzox>
      <url/>
   </item>
   <item>
      <file>macos.gif</file>
      <site>http://www.apple.com/</site>
      <text>The new Mac OS X system</text>
      <jzox>empty.gif</jzox>
      <url/>
   </item>
   <item>
      <file>windows.gif</file>
      <site>http://www.microsoft.com/</site>
      <text>And all the windows you
can name since 95...</text>
      <jzox>empty.gif</jzox>
      <url/>
   </item>
   <item>
      <file>empty.gif</file>
      <site/>
      <text/>
      <jzox>jzox.gif</jzox>
      <url>http://www.jzox.com/</url>
   </item>
</root>
